{
    "x": 387.2999985694885,
    "y": 293.149998237
}